{
  "0.5": {
    "clean": {
      "selected_alpha": 0.5,
      "error": 0.0,
      "margin": 0.0014450143516917535,
      "r2_avg": 0.9997025764798003,
      "sweep_r2s": {
        "0.4": 0.9276316634943574,
        "0.5": 0.9997025764798003,
        "0.6": 0.9982575621281086,
        "0.7": 0.9334325078005139,
        "0.8": 0.28465834055072003,
        "0.9": -3.269874721456617,
        "1.0": -17.788259381408867
      }
    },
    "noise_sweep": {
      "100": {
        "selected_alpha": 0.5,
        "error": 0.0,
        "r2_avg": 0.9994223066930834,
        "sweep_r2s": {
          "0.4": 0.9276013215102902,
          "0.5": 0.9994223066930834,
          "0.6": 0.9963654270126611,
          "0.7": 0.9339444882271764,
          "0.8": 0.27949874814228914,
          "0.9": -3.127553139508045,
          "1.0": -16.855706825944342
        }
      },
      "80": {
        "selected_alpha": 0.5,
        "error": 0.0,
        "r2_avg": 0.9925745009459165,
        "sweep_r2s": {
          "0.4": 0.9201299985221886,
          "0.5": 0.9925745009459165,
          "0.6": 0.9836001294585471,
          "0.7": 0.902822090625436,
          "0.8": 0.2962156731147181,
          "0.9": -1.9099457293227164,
          "1.0": -5.170448389401883
        }
      },
      "60": {
        "selected_alpha": 0.5,
        "error": 0.0,
        "r2_avg": 0.7664405044454526,
        "sweep_r2s": {
          "0.4": 0.710827089253255,
          "0.5": 0.7664405044454526,
          "0.6": 0.6626861895557822,
          "0.7": 0.4984613454503147,
          "0.8": 0.30354580938706954,
          "0.9": 0.17427121085954003,
          "1.0": 0.12980153089929358
        }
      },
      "40": {
        "selected_alpha": 0.4,
        "error": 0.09999999999999998,
        "r2_avg": 0.4607196037179691,
        "sweep_r2s": {
          "0.4": 0.4607196037179691,
          "0.5": 0.4143352036790963,
          "0.6": 0.37574852903630057,
          "0.7": 0.34470945681322557,
          "0.8": 0.3165323833332602,
          "0.9": 0.2895771516653218,
          "1.0": 0.2637493447030855
        }
      },
      "30": {
        "selected_alpha": 0.4,
        "error": 0.09999999999999998,
        "r2_avg": 0.4884041675338049,
        "sweep_r2s": {
          "0.4": 0.4884041675338049,
          "0.5": 0.4507623141003297,
          "0.6": 0.41993898726288253,
          "0.7": 0.39044664554707254,
          "0.8": 0.3606356937622377,
          "0.9": 0.330740560768426,
          "1.0": 0.3014461985794885
        }
      },
      "20": {
        "selected_alpha": 0.4,
        "error": 0.09999999999999998,
        "r2_avg": 0.6131022017171007,
        "sweep_r2s": {
          "0.4": 0.6131022017171007,
          "0.5": 0.5666438464649421,
          "0.6": 0.5249151403467875,
          "0.7": 0.4845747856211971,
          "0.8": 0.4449649231509123,
          "0.9": 0.40640628867127687,
          "1.0": 0.36946237141455257
        }
      },
      "10": {
        "selected_alpha": 0.4,
        "error": 0.09999999999999998,
        "r2_avg": 0.7686967769157951,
        "sweep_r2s": {
          "0.4": 0.7686967769157951,
          "0.5": 0.7122743464880452,
          "0.6": 0.6573542751187846,
          "0.7": 0.6038402950155105,
          "0.8": 0.5521292547991173,
          "0.9": 0.5027220926529133,
          "1.0": 0.45605232531839174
        }
      }
    }
  },
  "0.7": {
    "clean": {
      "selected_alpha": 0.7,
      "error": 0.0,
      "margin": 0.08908098100904305,
      "r2_avg": 0.9999385757724202,
      "sweep_r2s": {
        "0.4": 0.6353968603901023,
        "0.5": 0.7504839084353239,
        "0.6": 0.9108575947633771,
        "0.7": 0.9999385757724202,
        "0.8": 0.6150778970582822,
        "0.9": -2.0591082444065254,
        "1.0": -13.341358478163235
      }
    },
    "noise_sweep": {
      "100": {
        "selected_alpha": 0.7,
        "error": 0.0,
        "r2_avg": 0.9998546790391153,
        "sweep_r2s": {
          "0.4": 0.5990902607246592,
          "0.5": 0.7295214592942147,
          "0.6": 0.9078655363693661,
          "0.7": 0.9998546790391153,
          "0.8": 0.6015429943844329,
          "0.9": -2.1858952239916936,
          "1.0": -13.893950647074172
        }
      },
      "80": {
        "selected_alpha": 0.7,
        "error": 0.0,
        "r2_avg": 0.992742097775866,
        "sweep_r2s": {
          "0.4": 0.5585148721400349,
          "0.5": 0.727643509073513,
          "0.6": 0.9054692591820707,
          "0.7": 0.992742097775866,
          "0.8": 0.5904593042475375,
          "0.9": -2.015082285294533,
          "1.0": -10.596650902628381
        }
      },
      "60": {
        "selected_alpha": 0.6,
        "error": 0.09999999999999998,
        "r2_avg": 0.764524159095505,
        "sweep_r2s": {
          "0.4": 0.5951250044760529,
          "0.5": 0.704427780002857,
          "0.6": 0.764524159095505,
          "0.7": 0.7061815143486241,
          "0.8": 0.4035966315619148,
          "0.9": -0.059315167921837,
          "1.0": -0.33449906919851874
        }
      },
      "40": {
        "selected_alpha": 0.4,
        "error": 0.29999999999999993,
        "r2_avg": 0.5206156750385601,
        "sweep_r2s": {
          "0.4": 0.5206156750385601,
          "0.5": 0.4486775731789878,
          "0.6": 0.3857407921960361,
          "0.7": 0.3358095386031504,
          "0.8": 0.2972547137562053,
          "0.9": 0.26605713546979465,
          "1.0": 0.2399711708864154
        }
      },
      "30": {
        "selected_alpha": 0.4,
        "error": 0.29999999999999993,
        "r2_avg": 0.45273100484529355,
        "sweep_r2s": {
          "0.4": 0.45273100484529355,
          "0.5": 0.4072056680196905,
          "0.6": 0.37342190132722347,
          "0.7": 0.3446277148826801,
          "0.8": 0.3173396338646428,
          "0.9": 0.2907438725010651,
          "1.0": 0.2650783918194544
        }
      },
      "20": {
        "selected_alpha": 0.4,
        "error": 0.29999999999999993,
        "r2_avg": 0.5109067895037877,
        "sweep_r2s": {
          "0.4": 0.5109067895037877,
          "0.5": 0.4650114732069848,
          "0.6": 0.4281347648489182,
          "0.7": 0.39456205382371295,
          "0.8": 0.36230403273827066,
          "0.9": 0.3310613483597686,
          "1.0": 0.3011071790153574
        }
      },
      "10": {
        "selected_alpha": 0.4,
        "error": 0.29999999999999993,
        "r2_avg": 0.6788950152567818,
        "sweep_r2s": {
          "0.4": 0.6788950152567818,
          "0.5": 0.6249247714768608,
          "0.6": 0.5755158374438158,
          "0.7": 0.5285128219926373,
          "0.8": 0.48337438572042907,
          "0.9": 0.44023164487954647,
          "1.0": 0.3993915293975143
        }
      }
    }
  },
  "0.9": {
    "clean": {
      "selected_alpha": 0.9,
      "error": 0.0,
      "margin": 1.216919334288769,
      "r2_avg": 0.9999812889444537,
      "sweep_r2s": {
        "0.4": -4.945166713205853,
        "0.5": -15.860478426431706,
        "0.6": -5.861676418314079,
        "0.7": -2.4183902403210316,
        "0.8": -0.21693804534431518,
        "0.9": 0.9999812889444537,
        "1.0": -2.3637126937568156
      }
    },
    "noise_sweep": {
      "100": {
        "selected_alpha": 0.9,
        "error": 0.0,
        "r2_avg": 0.9998262678710507,
        "sweep_r2s": {
          "0.4": -4.795333013553735,
          "0.5": -15.48609777251635,
          "0.6": -5.568004382026106,
          "0.7": -2.3196252586079336,
          "0.8": -0.18000405622010782,
          "0.9": 0.9998262678710507,
          "1.0": -2.2476402717038004
        }
      },
      "80": {
        "selected_alpha": 0.9,
        "error": 0.0,
        "r2_avg": 0.9852310999257448,
        "sweep_r2s": {
          "0.4": -4.86855070118981,
          "0.5": -15.673966975811439,
          "0.6": -5.5942956982475565,
          "0.7": -2.3094002527021456,
          "0.8": -0.17292111981506553,
          "0.9": 0.9852310999257448,